range,column,x_start,x_end,y_start,y_end
1,1,-1.2186123230635044,2.282210483318348,23.34809738341461,24.878526437373647
1,2,-1.2202775340084866,2.2805451938119536,21.81800051956229,23.348439587924318
1,3,-1.221942743100207,2.2788799833167834,20.287903656469542,21.81834272602338
1,4,-1.2236179526332227,2.277214773299113,18.757806704183697,20.288245862380887
1,5,-1.2252831622001734,2.2755495628025812,17.227709842358298,18.758149000681385
1,6,-1.2269483712887166,2.2738843518453438,15.69761297892563,17.22805213837339
1,7,-1.2286135841105632,2.2722091437089693,14.16751611727229,15.69795518576441
1,8,-1.2302787922708869,2.27054393415382,12.637419253982303,14.16785832246603
1,9,-1.231944004155436,2.2688787236645505,11.107322391401532,12.637761459826505
1,10,-1.2336092146501523,2.2672135127050437,9.577225529437648,11.10766459785423
1,11,-1.2352744246759928,2.2655483022135043,8.04712866693661,9.577567735420336
1,12,-1.2369396356277833,2.263883093120876,6.5170318038900215,8.047470872457678
1,13,-1.2386049260655745,2.2622178816988483,4.98694495469668,6.517374010145484
1,14,-1.2402701347043057,2.260552670736618,3.45684809308111,4.987277148508931
1,15,-1.2419353442585472,2.2588874616467134,1.926751229711389,3.4571802851434064
1,16,-1.2436005561521744,2.2572222497626178,0.39665436827207284,1.927083422558437
2,1,2.7654278767870237,6.266250682700001,23.34848349795284,24.878912552377688
2,2,2.7637626672250657,6.264585472672798,21.818386635590286,23.348815690078084
2,3,2.762097457201041,6.262920182228652,20.28828977282067,21.818728841690476
2,4,2.7604322457776513,6.261254973138294,18.75819291070991,20.288631978392097
2,5,2.7587670357527183,6.259589761718989,17.22809604807458,18.75853511574418
2,6,2.7571018248022896,6.25792455261819,15.697999184893703,17.228438253788692
2,7,2.755426618058017,6.256259342591896,14.167902232570091,15.698341391358992
2,8,2.753761407097149,6.25459413071007,12.637805370799247,14.168244528442498
2,9,2.7520961966142337,6.252928920682868,11.1077085072197,12.638147666075747
2,10,2.750430985187213,6.2512537144061096,9.577611645583147,11.108050713412215
2,11,2.7487657756325174,6.2495885029827205,8.04751478228057,9.57795385130565
2,12,2.7471005646784574,6.247923293423486,6.517417919569706,8.047856988607375
2,13,2.7454353537194045,6.246258081543022,4.987321057601626,6.5177601254894455
2,14,2.7437700660712645,6.244592871516727,3.4572342081648864,4.987663263055551
2,15,2.7421048546456053,6.24292766102065,1.9271373463898478,3.457566401221761
2,16,2.740439645083194,6.241262451923028,0.3970404840272945,1.9274695388634044
3,1,6.749468077559417,10.250290883467855,23.348869613435287,24.87929866846024
3,2,6.747802866599002,10.248625672508348,21.818772751530155,23.34920180649216
3,3,6.746137656573161,10.246960462016355,20.288675889033314,21.819104944125414
3,4,6.744472446086616,10.245295251529809,18.758579026058065,20.289008081150165
3,5,6.742807235129378,10.243629962950726,17.22848216375007,18.75892123197361
3,6,6.74114202602631,10.241964753391946,15.698385302130301,17.228824369141044
3,7,6.739476814612452,10.240299541503765,14.168288438747991,15.698727507026087
3,8,6.737811603658392,10.23863433008446,12.638191576104271,14.168630644382366
3,9,6.736146392698431,10.236969121448453,11.108094714131994,12.638533782498218
3,10,6.734471184569773,10.23530391049303,9.57799776051585,11.108436919921642
3,11,6.732805975003276,10.233638700006484,8.047900898694648,9.57834005695059
3,12,6.731140763581702,10.23196349325132,6.517804036382453,8.048243105965671
3,13,6.729475554488166,10.230298281378117,4.987707173486941,6.518146241970667
3,14,6.727810342135649,10.228633070885216,3.457610311300642,4.988049379801154
3,15,6.726145054954116,10.226967860860285,1.9275234618009538,3.4579525170986822
3,16,6.7244798458542245,10.22530265130468,0.39742659971117517,1.9278556539303948
4,1,10.733508277867019,14.234341079559767,23.34925572898488,24.879684874369563
4,2,10.731843067833916,14.232675870931022,21.81915886735672,23.349588011545393
4,3,10.730177856885303,14.23100066185962,20.289062003974408,21.819491059599468
4,4,10.72851264686037,14.229335452764722,18.758965141406225,20.28939419697253
4,5,10.726847435436072,14.227670241349049,17.228868279362608,18.75929733378746
4,6,10.725182224480651,14.226004952771328,15.698771416853177,17.229210484476614
4,7,10.723517015852813,14.224339742275705,14.168674553831767,15.69911362264702
4,8,10.721851803501657,14.222674531318466,12.638577691515376,14.169016760343219
4,9,10.7201865939338,14.221009321759686,11.108480829891413,12.638919897510654
4,10,10.718521383449977,14.219344111730669,9.578383966513298,11.108823035412481
4,11,10.71685617295163,14.21767889938269,8.048287104948086,9.578726172689027
4,12,10.715180964818886,14.216013690281892,6.5181901518690974,8.048629310733537
4,13,10.713515754793045,14.214348479791715,4.9880932893680585,6.5185324481611575
4,14,10.711850544297421,14.212683270233843,3.45799642747132,4.988435585194304
4,15,10.71018533381496,14.211008062103822,1.9278995638917729,3.4583386317837883
4,16,10.708520122853184,14.2093428511425,0.39780270225521974,1.9282417700800907
5,1,14.717558473963471,18.21838127893461,23.349641934281507,24.880070990309434
5,2,14.7158932639281,18.216716070303143,21.819545072921926,23.349974127820985
5,3,14.714218055319671,18.21505086028048,20.289448121315917,21.819877264849932
5,4,14.71255284669592,18.213385648858907,18.759351257757356,20.289780402537737
5,5,14.710887636672803,18.211710440722985,17.22925439492059,18.75968344986581
5,6,14.70922242478553,18.210045230229632,15.699157532738491,17.2295865876963
5,7,14.707557215690178,18.208379943047643,14.169060670044411,15.69949973819661
5,8,14.705892003336754,18.206714732088138,12.638963808063743,14.169402876157191
5,9,14.704226794240494,18.205049522062296,11.108866945503951,12.639306013660349
5,10,14.702561582359575,18.203384311110504,9.57877008244897,11.109209150680906
5,11,14.700896371867582,18.201719099689385,8.048673220078026,9.579112288301566
5,12,14.6992311627745,18.20005388966536,6.518576357186709,8.049015425536146
5,13,14.697565952281145,18.198388680566833,4.988479495017196,6.518918563312079
5,14,14.695900742257122,18.19672346914798,3.4583826323189206,4.988821700597017
5,15,14.6942255341153,18.195058258188926,1.928285680377191,3.458724838561793
5,16,14.692560323159878,18.193393047233506,0.3981888178677593,1.9286279761195058
6,1,18.70159867566681,22.20242147970428,23.35002804963806,24.8804571061276
6,2,18.69993346562871,22.2007562706053,21.819931188618394,23.35036024404202
6,3,18.698268254210316,22.199091059185996,20.289834325903335,21.82026338132696
6,4,18.696603041855983,22.19742584777123,18.759737463922665,20.290166518141884
6,5,18.69492783698086,22.195760638209723,17.229640510398845,18.76006965564924
6,6,18.69326262509041,22.194095426784067,15.699543648552464,17.2299727938742
6,7,18.69159741413408,22.192430216292074,14.169446786110177,15.699875931503254
6,8,18.689932205050074,22.190755010480107,12.6393499220816,14.169778978848115
6,9,18.688266993617606,22.18908972190057,11.109253061112295,12.639692129810046
6,10,18.68660178405837,22.187424512340428,9.579156198414019,11.10959526711177
6,11,18.68493657356411,22.18575930139045,8.049059336311652,9.579498403930891
6,12,18.68327136260869,22.18409409136461,6.51896247380222,8.049401541362709
6,13,18.681606153516967,22.182428880868986,4.988865610705274,6.5193046795289185
6,14,18.679940940692397,22.18076366898262,3.4587687494589976,4.989207817145383
6,15,18.67827573160794,22.179098459424296,1.9286718854220282,3.4591109543170147
6,16,18.6766105206507,22.17743324800181,0.39857502318117455,1.9290140920719645
7,1,22.685638954054237,26.18646168047486,23.350404152933283,24.880843221882824
7,2,22.68397366640065,26.184796469988314,21.820317304235132,23.35074635890758
7,3,22.682308453585158,26.183131260425448,20.290220441843204,21.82064949661217
7,4,22.680643244026378,26.181466048077922,18.76012357901064,20.290552633754423
7,5,22.678978034927848,26.17980084037331,17.230026716790768,18.76045577161009
7,6,22.677312822579417,26.17813562756009,15.699929854067312,17.230358908957978
7,7,22.675647613014736,26.176470417065374,14.169832992044679,15.700262046922754
7,8,22.673972404876547,26.174805206584274,12.639736039637134,14.170165183208917
7,9,22.67230719299563,26.17313999794736,11.109639176649297,12.640068321391913
7,10,22.67064198482804,26.17146471172117,9.579542314299333,11.109981382313048
7,11,22.668976772946216,26.169799499365023,8.049445451311497,9.579884520596762
7,12,22.66731156338335,26.16813428981033,6.519348589083233,8.049787657227041
7,13,22.6656463519645,26.166469080715885,4.989251726305223,6.519690794537158
7,14,22.66398114239982,26.164803868362004,3.4591548642783927,4.989593932485148
7,15,22.662315932839224,26.16313865973099,1.9290580017186025,3.459497069933751
7,16,22.66065072142355,26.161473448770575,0.3989611386678181,1.92940020802862
8,1,26.669679153415917,30.170501879851518,23.350790270417477,24.881229337554114
8,2,26.668013943865763,30.16883667029183,21.820693406577742,23.35113247492718
8,3,26.666348731976672,30.167171458867077,20.29059654460127,21.82103561295071
8,4,26.664683444328986,30.165506249306482,18.76050969516453,20.290938750386722
8,5,26.663018233842894,30.163841037889902,17.23041283205919,18.760841887403082
8,6,26.66135302242132,30.162175829257524,15.700315969679853,17.230745025053118
8,7,26.659687813319163,30.160510616910003,14.17021910799294,15.700648162195375
8,8,26.658022603299674,30.158845407346682,12.640122244619024,14.17055129996711
8,9,26.65635739281086,30.157180196383088,11.110025381912354,12.640454438464845
8,10,26.654682184203793,30.15551498729228,9.57992842997482,11.110357575300755
8,11,26.65301697371407,30.153849776801646,8.04983156740244,9.580260712799717
8,12,26.65135176369277,30.152184487298882,6.519734704364247,8.050173862880374
8,13,26.649686552745518,30.1505092810194,4.989637840713359,6.520076910552564
8,14,26.6480213427047,30.14884406913667,3.4595409801595105,4.989980047699017
8,15,26.646356132211796,30.14717885910901,1.9294441179270498,3.4598831854665564
8,16,26.6446909207934,30.14551364861974,0.3993472552119879,1.9297863227640841
9,1,30.653719353735777,34.154552078735804,23.3511763843556,24.88161554301441
9,2,30.652054144174272,34.152886867779024,21.821079521925903,23.351518680643462
9,3,30.650388933676833,34.15121166010789,20.290982660293544,21.821421728034483
9,4,30.648723723658254,34.1495464491502,18.76088579685248,20.29132486579363
9,5,30.64705843414369,34.14788123912527,17.230798948477464,18.761228003158305
9,6,30.645393224578555,34.14621602956059,15.700702086450635,17.23113114113567
9,7,30.64372801409791,34.14455081860517,14.17060522267385,15.70103427856329
9,8,30.64206280267225,34.14288560811862,12.640508360831667,14.170937415588043
9,9,30.640397593110293,34.14122039668797,11.110411498469114,12.64084055435016
9,10,30.63873238308763,34.139555187148254,9.580314635498063,11.110743689100392
9,11,30.637067171200812,34.13788997711061,8.050217773248816,9.580646828076533
9,12,30.6354019611668,34.13622476615701,6.520120911759142,8.050549965369864
9,13,30.633726752570173,34.134559477576104,4.990023958541666,6.520463116461888
9,14,30.6320615430005,34.132894267085476,3.459927097186281,4.9903662538895075
9,15,30.630396331593904,34.13122905844946,1.9298302328639476,3.460269392005359
9,16,30.6287311220324,34.12955384845983,0.39973337050139446,1.9301724385780572
10,1,34.6377695516864,38.13859227857862,23.35156259034046,24.88200165855561
10,2,34.63610434212172,38.13692706901348,21.821465728317825,23.35190479652878
10,3,34.63442913352782,38.13526185759327,20.291368774764628,21.821807934019343
10,4,34.63276392442656,38.133596648026774,18.761271912876282,20.291711072193948
10,5,34.63109871300544,38.131931436614735,17.231175050496944,18.761614208610204
10,6,34.62943342349224,38.13025622847019,15.701088201920491,17.231517257075538
10,7,34.62776821347366,38.12859101891595,14.17099133847943,15.701420393705817
10,8,34.62610300297486,38.12692580935671,12.640894476981362,14.171323530940397
10,9,34.62443779249058,38.12526059746717,11.110797613670393,12.641226668959728
10,10,34.62277258246474,38.123595387442236,9.58070075110221,11.111129806391546
10,11,34.62110737196957,38.12193017694616,8.050603889201275,9.581032944557755
10,12,34.619442162407616,38.1202649664637,6.5205070267799705,8.050936080982405
10,13,34.61777695099058,38.118599754572344,4.99041016393062,6.52083921927451
10,14,34.61611174003334,38.11693446785197,3.4603133016226213,4.990752370181886
10,15,34.61444652954452,38.11526925643357,1.9302164388488081,3.4606555074668233
10,16,34.61277132140316,38.113604045939304,0.4001194869112752,1.9305586453644552
11,1,38.62180975198946,42.12263247981671,23.35194870642301,24.882387773912157
11,2,38.62014454057197,42.12096726931973,21.821851843582053,23.35229091221266
11,3,38.61847933193823,42.119302058361576,20.291754981362182,21.822194050043144
11,4,38.61681411959026,42.117636848336645,18.761658118638728,20.292097187407816
11,5,38.61514890956033,42.11597163691326,17.231561256607698,18.762000325297056
11,6,38.613473702352174,42.11430642688696,15.701464304208548,17.231903462796016
11,7,38.611808491400836,42.11264121733045,14.171367441094816,15.701806599762019
11,8,38.610143204217486,42.11097600498883,12.641280591800758,14.17170973623283
11,9,38.60847799418575,42.10930079777341,11.111183730038308,12.641612784710754
11,10,38.606812782298476,42.10763558635093,9.581086867789061,11.111515922465703
11,11,38.60514757273924,42.10597037818561,8.050990005090785,9.581419059780018
11,12,38.60348236178972,42.10430516583264,6.520893141779816,8.051322197660863
11,13,38.60181715129954,42.10263995534201,4.990796279207436,6.521225335159824
11,14,38.60015194080437,42.10097474671508,3.4606994172393573,4.991128472067074
11,15,38.598486730312835,42.09930953529396,1.9306025548684111,3.4610316096205906
11,16,38.596821519826285,42.09764424671987,0.4005056918973609,1.930944759843931
12,1,42.605849951363396,46.10667267825743,23.35233482243422,24.882773890447936
12,2,42.60418474226759,46.105007470090754,21.822237959941575,23.352677027896537
12,3,42.602519529921885,46.10334225866555,20.29214109681945,21.82258016605855
12,4,42.60085431943035,46.10167704770877,18.762044234448503,20.292483303683408
12,5,42.599189109863396,46.100011838150444,17.23194737269025,18.762386440850843
12,6,42.597523897976124,46.098346625788395,15.701850510512346,17.232289579877342
12,7,42.595858689810804,46.096681416712556,14.171753647759514,15.702192714766062
12,8,42.59419347840557,46.095016206683084,12.641656783365839,14.172095852735033
12,9,42.592518193566946,46.09335099572766,11.111569845172443,12.641998990158458
12,10,42.5908529830804,46.091685784767705,9.581472982062907,11.111902128257523
12,11,42.589187772115,46.090010577557734,8.051376120896366,9.581805176055608
12,12,42.58752256116275,46.08834536754415,6.521279257925316,8.051708311947298
12,13,42.58585735206467,46.08668015611213,4.991182395701248,6.521611450915046
12,14,42.58419214111107,46.08501494561424,3.461085532923238,4.991514589349833
12,15,42.582526931082505,46.08334973605909,1.930988670757922,3.461417726114402
12,16,42.580861719197955,46.08168452464841,0.40089180817295256,1.9313208623921723
13,1,46.589890151212565,50.09072287713537,23.352720937169686,24.883160096713965
13,2,46.58822494210496,50.0890476703979,21.822624076158416,23.35306314344613
13,3,46.58655972975652,50.08738245989956,20.29252721337201,21.822966281948062
13,4,46.584894520201374,50.08571724708997,18.76243035013658,20.292869418754595
13,5,46.58322930924595,50.084052038923744,17.232333487627148,18.7627725562032
13,6,46.58156410014516,50.082386827498084,15.702236625738804,17.232675694361017
13,7,46.579898888723584,50.08072161793613,14.172139763359464,15.702578831998462
13,8,46.57823367823658,50.079056406053844,12.642042900384217,14.17248196907777
13,9,46.57656846820847,50.0773911950957,11.111946038155953,12.642385106971206
13,10,46.57490318009781,50.075725984142544,9.581859188513583,11.112288244201588
13,11,46.573227972421236,50.074060775051734,8.051762236580247,9.582191380970354
13,12,46.57156276146627,50.072395563167184,6.521665373936526,8.052094518385385
13,13,46.569897551445415,50.07073035406593,4.991568510835383,6.521997656497039
13,14,46.56823234188346,50.06905514499726,3.461471648405685,4.99190070421539
13,15,46.56656713045735,50.06738993636896,1.931374786697791,3.461803841324074
13,16,46.56490191950011,50.06572472494648,0.40127792432264825,1.931706979079024
14,1,50.57394035008596,54.07476307651611,23.353107143977066,24.883546211852295
14,2,50.572265142881434,54.07309786509045,21.823010191103705,23.353449350010113
14,3,50.57059993099553,54.071432656922866,20.29291332865722,21.82335248766015
14,4,50.56893472050761,54.069757448786945,18.762816465816265,20.29325553491688
14,5,50.567269510479505,54.06809223782971,17.232719603583803,18.763158672676028
14,6,50.56560430045548,54.066427028269565,15.702622740881331,17.233061809981947
14,7,50.56393908995214,54.06476181732005,14.172525879991761,15.702964946733927
14,8,50.5622738790067,54.06309660682941,12.642429016206583,14.172868084228691
14,9,50.560608667116256,54.06143139634287,11.1123321543644,12.6427712211863
14,10,50.558943458484784,54.059766185841795,9.582235291875952,11.112674359961007
14,11,50.55727824799688,54.058100976283924,8.052138428967849,9.582577497128442
14,12,50.555612958953006,54.056435763002284,6.522051579787097,8.052480634866606
14,13,50.55394774799985,54.05477055437263,4.991954717009087,6.5223837721095785
14,14,50.55227254125241,54.05310534294878,3.4618577650883404,4.992286910065962
14,15,50.55060733169272,54.05144013338819,1.9317609024572093,3.4621900475061715
14,16,50.54894212027704,54.04976492525499,0.4016640392721358,1.9320930944943266
15,1,54.55798055039175,58.05880335536924,23.353493259723894,24.883922314946084
15,2,54.55631533943769,58.05713806632855,21.823396397013028,23.353835465362465
15,3,54.55465012894342,58.055472856299076,20.293299534977805,21.823738603398585
15,4,54.55297491987611,58.053807646273235,18.763202582566063,20.2936417408304
15,5,54.551309711249175,58.0521424348571,17.233105719473315,18.76354487778381
15,6,54.54964449889847,58.05047722575949,15.703008857085582,17.233448015425456
15,7,54.54797928934015,58.04880201715968,14.172911994185872,15.703351062677992
15,8,54.54631407977728,58.04713680713112,12.642815131957608,14.173254200445532
15,9,54.5446488678941,58.04547159478314,11.112718269171205,12.643157337722077
15,10,54.54298365786508,58.04380638568279,9.58262140707723,11.113060475699443
15,11,54.54131844783924,58.04214117519307,8.052524544513243,9.582963613135457
15,12,54.53965323734452,58.04047596517132,6.522427682545165,8.052866750030116
15,13,54.53798794830201,58.03881075607415,4.992340833230124,6.5227698876717595
15,14,54.536322737349764,58.03714554371845,3.4622439702506806,4.992673025955472
15,15,54.534657526857316,58.03548033416421,1.9321471080140233,3.4625761625186073
15,16,54.532982320115316,58.033815123666315,0.40205015535049043,1.9324793009533952
16,1,58.542020749768405,62.042843554286556,23.35387937539938,24.884308429945932
16,2,58.54035553881207,62.04117834518939,21.823782513024238,23.354211567587573
16,3,58.53869032878896,62.03951313515674,20.293685650187477,21.82411470589227
16,4,58.53702511829651,62.03784784611241,18.763588787883677,20.294027856778662
16,5,58.53535990780724,62.03618263562314,17.233491925177006,18.763930994139137
16,6,58.53369469777822,62.03451742653233,15.703395063083033,17.2338341309079
16,7,58.53201949010482,62.0328522137182,14.173298110679685,15.703737268318736
16,8,58.53035428008398,62.031187005081286,12.643201247574344,14.173640406501733
16,9,58.528689069591984,62.02951179694219,11.113104385203398,12.643543454228478
16,10,58.52702385863112,62.02784658645428,9.583007523436754,11.11344659138752
16,11,58.5253586476825,62.02618137503225,8.052910659987297,9.583349729079522
16,12,58.5236934376494,62.024516165007775,6.522813798426283,8.053252866377049
16,13,58.522028226708954,62.022850954987376,4.9927169339696595,6.523156003204566
16,14,58.520363016210155,62.02118574309375,3.4626200725387366,4.993059141761052
16,15,58.51869772669922,62.01952053353724,1.9325332236223665,3.46296227865991
16,16,58.51703251667247,62.0178553239662,0.4024363611968652,1.9328654175101545
17,1,62.52606095054035,66.02688375598444,23.35426549101612,24.88469454597393
17,2,62.524395739116045,66.02521854409535,21.8241686289725,23.35459768399326
17,3,62.522730530020695,66.02355333546389,20.294071766345567,21.824500821437663
17,4,62.52106531906936,66.02188812544259,18.76397490329898,20.29440395839947
17,5,62.519400106718656,66.0202228350048,17.233878040911247,18.76431710914318
17,6,62.517734897616954,66.01855762591126,15.703781179161387,17.234220246314813
17,7,62.516069687597465,66.0168924144797,14.173684315791666,15.704123385278363
17,8,62.5144044757052,66.01522720492001,12.643587454213865,14.17402652251714
17,9,62.51272926943162,66.01356199350525,11.113490501080319,12.643929659332066
17,10,62.511064057082734,66.01189678254983,9.58339363849535,11.11383279675549
17,11,62.509398848446274,66.01023157298378,8.053296776611202,9.583735934930093
17,12,62.50773363749085,66.00855636438897,6.523199914105967,8.053638981448236
17,13,62.50606842839777,66.00689115528681,4.993103051143309,6.523542119761324
17,14,62.504403216975284,66.0052259457235,3.4630061889654034,4.99344525753306
17,15,62.502738006951716,66.00356073291073,1.932909326128642,3.4633483947382646
17,16,62.501072716977355,66.00189552382037,0.4028224770737863,1.933251531507029
18,1,66.51010114991882,70.01093395161202,23.35465160641883,24.885080751803518
18,2,66.50843593942183,70.00926874157983,21.824554744723525,23.354983890108212
18,3,66.50677072846415,70.00759353344753,20.29445788248267,21.824886936966273
18,4,66.50510551983403,70.00592832435309,18.76436101979279,20.294790074272196
18,5,66.50344030795493,70.00426311386745,17.234264156536376,18.76469321102837
18,6,66.5017750979291,70.0025978234224,15.704167294035337,17.23460636277505
18,7,66.50010988789872,70.00093261524165,14.17407043207565,15.7045095021037
18,8,66.49844467648713,69.99926740476828,12.64397356848771,14.17441263731975
18,9,66.49677946691972,69.9976021938065,11.113876706796601,12.644315775683195
18,10,66.49511425596248,69.99593698284835,9.5837798444928,11.114218913446539
18,11,66.49344904640324,69.99427177189474,8.05368298172738,9.584122050735672
18,12,66.49177383826142,69.99260656373352,6.523586029856991,8.054025187512831
18,13,66.49010862730691,69.99094135183942,4.993489167213271,6.523928326203607
18,14,66.48844341681175,69.98927614228292,3.463392305312336,4.993831463039516
18,15,66.4867782068036,69.98760093415335,1.9332954404612395,3.4637345096206076
18,16,66.48511299536841,69.98593572319112,0.40319857989899854,1.9336376479211064
19,1,70.4941513473915,73.99497415191645,23.355037814082305,24.88546686768883
19,2,70.492476141122,73.99330894235585,21.824940860482943,23.355370005191986
19,3,70.49081092970586,73.99164373092066,20.29484399743216,21.825273144558405
19,4,70.48914571921432,73.98997852044774,18.76474713499407,20.295176279774452
19,5,70.48748050825255,73.98830331462624,17.234650273357516,18.76507932832372
19,6,70.48581529869831,73.98663810367762,15.704553409924847,17.234982464945606
19,7,70.48415008588555,73.98497289319788,14.174456547201393,15.704885601030334
19,8,70.48248487632085,73.98330760366879,12.644359685107418,14.174798754468219
19,9,70.4808196672255,73.9816423955121,11.114262822547627,12.644701890708221
19,10,70.47915445533596,73.97997718315641,9.584165960634103,11.114605028924789
19,11,70.47748924577401,73.9783119731301,8.054069098204405,9.584508166490895
19,12,70.47582403482176,73.9766467626422,6.523972235292106,8.054411303582793
19,13,70.4741588252589,73.9749815526141,4.993875372996698,6.524314441417476
19,14,70.47249361338524,73.97331634212527,3.46377850900589,4.994217578647859
19,15,70.47081840569913,73.97165112977186,1.9336815582140103,3.464120716600046
19,16,70.46915319660378,73.96998592114083,0.4035846956542202,1.9340238539773078
20,1,74.47819154817478,77.97901435222178,23.35542392822186,24.885852983502804
20,2,74.47652633814667,77.97734914172842,21.8253270659894,23.355756121400436
20,3,74.47486112812264,77.97568393309832,20.295230203219784,21.82565925864341
20,4,74.47319591577784,77.97401872213926,18.765133340030513,20.29556239667533
20,5,74.47152070810489,77.97235351025381,17.235036387627165,18.7654655341617
20,6,74.46985549946844,77.97068830116208,15.704939525743017,17.235368671064755
20,7,74.46819028758297,77.96902308974006,14.174842663292337,15.70527180875256
20,8,74.46652507662982,77.96734788114026,12.644745800451378,14.175174856005096
20,9,74.46485986706696,77.96568259395464,11.114648938223114,12.645088006908274
20,10,74.46319465610382,77.96401738393061,9.584552076653706,11.114991144205803
20,11,74.46152944468042,77.96235217296248,8.054455214547142,9.584894283312035
20,12,74.45986423512981,77.96068696248139,6.524358350707409,8.054797419598199
20,13,74.45819902602857,77.95902175245963,4.994261488819064,6.524700556560004
20,14,74.45653381460744,77.95735654288814,3.464164626443921,4.994603695338908
20,15,74.45486860504957,77.9556913314711,1.9340677635442118,3.4645068324266086
20,16,74.45320339455712,77.95402612190779,0.40397090124041,1.9344099701983446
21,1,78.46223182749134,81.96305455299282,23.35580003152548,24.88623909919088
21,2,78.46056661607565,81.96138934248721,21.82570316840755,23.356142238565692
21,3,78.45890132935665,81.95972413108424,20.295616319180635,21.82604537390344
21,4,78.4572361156152,81.95805892244641,18.765519456247354,20.295948512220725
21,5,78.45557090744626,81.95639371056777,17.235422594098825,18.765851648834218
21,6,78.4539056964922,81.95472850192859,15.705325731320814,17.235754787352935
21,7,78.45224048646318,81.9530632914434,14.175228869289787,15.70565792410911
21,8,78.45056527693062,81.95139808095277,12.645131916806704,14.175561061603876
21,9,78.44890006737411,81.94973286952711,11.115035053772706,12.645464199765888
21,10,78.44723485688212,81.94805766186188,9.58493819140176,11.115367246355373
21,11,78.44556964592078,81.94639237374305,8.054841329698062,9.585280397787315
21,12,78.44390443543742,81.94472716278536,6.524744466252804,8.055183535546462
21,13,78.44223922493907,81.94306195183175,4.994647604687592,6.525086672835596
21,14,78.44057401584917,81.9413967418109,3.4645507413934085,4.994989809663112
21,15,78.43890880442942,81.93973153225076,1.9344538788168322,3.4648929470403735
21,16,78.43724359347898,81.9380663208251,0.4043570156359553,1.9347960851981905
22,1,82.44627202640729,85.94709475329951,23.356186146655418,24.886625214870563
22,2,82.44460681638326,85.94542954327457,21.826089283952943,23.35652835216809
22,3,82.44294160542375,85.94376433324464,20.295992421913525,21.82643149020421
22,4,82.44127631731219,85.94209912228922,18.765905572405444,20.296334627694776
22,5,82.43961110728135,85.94043391039878,17.23580871058424,18.76623776585679
22,6,82.43794589678936,85.9387687008459,15.705711848213296,17.23614090235278
22,7,82.4362806863019,85.93710349127804,14.175614985305193,15.706044040661673
22,8,82.43461547580856,85.93543828032942,12.645518123068536,14.175947177279363
22,9,82.43295026346057,85.93377307123407,11.115421260345082,12.645850314652428
22,10,82.431275057187,85.93210785981023,9.585324307282878,11.11575345260881
22,11,82.42960984716206,85.93044265164355,8.055227444651747,9.58565659012456
22,12,82.42794463526253,85.92877735980821,6.525130583946823,8.055569741258546
22,13,82.42627942710493,85.92710215400214,4.995033720321114,6.5254727878648175
22,14,82.42461421661747,85.92543694303991,3.464936857413012,4.995375926228264
22,15,82.42294900565979,85.92377172929348,1.9348399951763546,3.465279063966428
22,16,82.42128379517142,85.92210652111909,0.40474313240254123,1.9351822024221985
23,1,86.43031222810382,89.93114495170084,23.356572262889042,24.88701142260538
23,2,86.42864701714748,89.92947974028836,21.8264754005139,23.35691455908878
23,3,86.42698180712391,89.9278045335468,20.29637853767714,21.826817606425248
23,4,86.42531659570143,89.92613932306253,18.766281675432086,20.296720743047132
23,5,86.42365130619685,89.92447411257325,17.236194825781325,18.766623880407607
23,6,86.42198609523689,89.92280890161375,15.706097963809048,17.236527018439528
23,7,86.42032088520288,89.92114369112267,14.176001102382322,15.706430155934294
23,8,86.41865567658458,89.91947847970654,12.645904238148116,14.176333292950654
23,9,86.41699046470774,89.91781326967934,11.115807374623124,12.646236430583905
23,10,86.41532525467555,89.91614805965622,9.585710512864871,11.11613956775134
23,11,86.41366004371785,89.91448284916287,8.055613650695358,9.586042705514682
23,12,86.41199483322904,89.91281763867359,6.5255167879215445,8.055945842879355
23,13,86.41031962648205,89.91115235148706,4.995419835925261,6.525858993916822
23,14,86.40865441552663,89.9094871405321,3.465322973415829,4.995762131340246
23,15,86.40698920550533,89.90781193239845,1.935226110314686,3.465665178391349
23,16,86.40532399361986,89.90614672189693,0.4051292478682022,1.935568317237397
24,1,90.41436242325616,93.91518515248323,23.356958470057325,24.887397536816277
24,2,90.4126972132453,93.913519941068,21.826861605613292,23.3573006736354
24,3,90.41102200602715,93.91185473104171,20.296764654418546,21.827203811201507
24,4,90.40935679601493,93.91018952054563,18.766667790238895,20.297106949367716
24,5,90.40769158645207,93.9085243095884,17.236570927880535,18.767010087126863
24,6,90.40602637595553,93.90684910191727,15.706474066185232,17.236913134391987
24,7,90.40436108598163,93.9051838909682,14.176387217063231,15.706816271076821
24,8,90.40269587688672,93.90351868000506,12.646290354369153,14.176719409574558
24,9,90.40103066686679,93.90185347044945,11.116193491129524,12.646622546339126
24,10,90.39936545405175,93.90018826088841,9.586096628603306,11.116525683909428
24,11,90.39770024448616,93.8985230494623,8.055999766714962,9.586428822067244
24,12,90.3960350325998,93.89685783897076,6.525902904331425,8.056331959700495
24,13,90.3943698239715,93.89519262801761,4.995806041440109,6.52623509685534
24,14,90.39270461393431,93.89352741845383,3.465709180353302,4.996138234765562
24,15,90.3910294048779,93.89186212848401,1.9356122265273297,3.466051385039261
24,16,90.389364195778,93.89019691938412,0.4055153644375511,1.9359545230166273
25,1,94.39840262590224,97.89922535139782,23.35734458367651,24.887783652147647
25,2,94.39673741354609,97.89756014089993,21.827247722031565,23.357686790582438
25,3,94.39507220306136,97.89589492995086,20.297150858720595,21.827589927271468
25,4,94.39340699209822,97.89422972039979,18.76705399722253,20.29749306343593
25,5,94.39174178300696,97.89256450989555,17.23695713405844,18.767396202676455
25,6,94.39006657486922,97.89089929893967,15.706860181650894,17.23729934016702
25,7,94.38840136252306,97.88923408752355,14.176763318591716,15.707202477183381
25,8,94.38673607441012,97.88756887889026,12.646676469285069,14.177105614896366
25,9,94.38507086484272,97.88589367075434,11.11657960759396,12.647008662220243
25,10,94.38340565527895,97.88422845979665,9.586482745437037,11.116911800050731
25,11,94.38174044618451,97.88256324977172,8.056385882675814,9.586814937348258
25,12,94.38007523523453,97.88089803834741,6.526289019431989,8.056718075371785
25,13,94.37841002427956,97.87923282832158,4.9961921569225565,6.526621212874944
25,14,94.3767448128539,97.87756761737023,3.4660952950132287,4.9965243498283565
25,15,94.37507960422198,97.87590240827217,1.9359984326590687,3.466427487537144
25,16,94.37341439141012,97.8742371192242,0.40590156972998365,1.9363406388935482
26,1,98.38244282481185,101.88326555402212,23.357730699683525,24.888169768658248
26,2,98.380777614786,101.88160034120662,21.82763383718668,23.358072906199173
26,3,98.37911240243031,101.8799351316492,20.29753697540325,21.827976043236514
26,4,98.37744719241263,101.87826992115676,18.7674401118279,20.297879180932714
26,5,98.37578198377436,101.8766047092831,17.23734325021233,18.76778231693771
26,6,98.37411677189617,101.874939499245,15.707246386821627,17.237685455980994
26,7,98.37245156093257,101.87327429014965,14.177149525319363,15.707588593421205
26,8,98.37077635465899,101.87160907826011,12.647052572261355,14.177491731440536
26,9,98.36911106561784,101.86994386731376,11.116965722744881,12.64739486779804
26,10,98.36744585512176,101.86827865867686,9.58686886091109,11.117298005913892
26,11,98.36578064462977,101.8666034500725,8.056771998607289,9.587201053766533
26,12,98.36411543414187,101.86493823911935,6.526675135703384,8.057104190988522
26,13,98.362450221325,101.863273028626,4.996578273512888,6.527007328756062
26,14,98.36078501362448,101.86160781813673,3.466481410764254,4.996910466116537
26,15,98.35911980313067,101.85994260765109,1.9363845487332267,3.4668136029440535
26,16,98.35745459217524,101.85827739808097,0.4062876861566505,1.936716741588668
27,1,102.36648302465147,105.86731574920033,23.358116815560447,24.888555972473497
27,2,102.36481781462291,105.8656405429086,21.828019953399327,23.358459021690013
27,3,102.36315260273882,105.86397533148929,20.29792309074721,21.828362159113436
27,4,102.36148739364846,105.86231012007316,18.76782622751598,20.298265295999705
27,5,102.35982218315738,105.86064491004733,17.23772936508208,18.76816843356581
27,6,102.3581569721965,105.85897970001558,15.707632503244097,17.238071571736217
27,7,102.3564917621693,105.85731448998793,14.177535640877347,15.707974709503755
27,8,102.3548265516814,105.85564927949956,12.647438778036388,14.177877846662797
27,9,102.353161340258,105.85398406761138,11.117341915929824,12.64778098454784
27,10,102.35149613023353,105.85231885712166,9.587245053227353,11.117684121912513
27,11,102.34982084447032,105.85065364756561,8.057158114421263,9.58758725881137
27,12,102.34815563444447,105.8489884370845,6.527061251857275,8.057490395097533
27,13,102.34649042302834,105.84732322704323,4.996964388873636,6.527393534480737
27,14,102.3448252125368,105.84564801844796,3.466867526435545,4.997296581128973
27,15,102.34316000390805,105.84398280748573,1.9367706636113733,3.46719971949242
27,16,102.34149479109075,105.8423175979315,0.4066738013537334,1.9371028561226988
28,1,106.35053322074566,109.85135595042209,23.358503021196995,24.888942089907335
28,2,106.34885801354022,109.84969073761067,21.828406068394976,23.35884522697825
28,3,106.34719280351302,109.84802552897739,20.298309206032425,21.828748364762575
28,4,106.34552759301513,109.8463503203853,18.768212344467212,20.2986514109408
28,5,106.34386238160172,109.84468510989196,17.238115481080705,18.76855454883843
28,6,106.3421971734364,109.84301989985703,15.708018618395018,17.238457687411703
28,7,106.34053196294124,109.84135468983618,14.177921756494083,15.708360824306364
28,8,106.33886675198582,109.83968947888938,12.647824893984652,14.178263960655476
28,9,106.33720154056924,109.83802426931335,11.11772803094226,12.64816710011002
28,10,106.3355363300777,109.83635905835612,9.587631168571313,11.118070237806219
28,11,106.33387112050939,109.83469384833255,8.05753430694735,9.587973374969458
28,12,106.33220583146552,109.83302863644391,6.527447457833743,8.057876512921645
28,13,106.33054062144103,109.83136342595465,4.9973505951312704,6.527779650214976
28,14,106.32886541237825,109.82969821639858,3.4672536421110327,4.997682787113833
28,15,106.32720020235287,109.82803300730187,1.937156779547046,3.4675859246211873
28,16,106.32553499233111,109.82635779684382,0.407059916508851,1.9374889717268453
29,1,110.33457342198147,113.83539622741606,23.358889136889267,24.88931819305568
29,2,110.3329082114913,113.8337310174002,21.828792274249743,23.359221329278895
29,3,110.33124300192617,113.8320657283536,20.29869541229006,21.829134480433865
29,4,110.32956779332274,113.83040051879209,18.768598459945462,20.299037618004167
29,5,110.32790258283573,113.82873530830464,17.238501596974412,18.768940755096065
29,6,110.32623737280854,113.82707009781174,15.708404734674806,17.238843892859407
29,7,110.3245721632493,113.82539488967537,14.178307871909386,15.708746940254626
29,8,110.32290695181729,113.82372967963681,12.64821101094008,14.178650079365056
29,9,110.32124174180143,113.82206446962141,11.118114147100348,12.648553215521128
29,10,110.31957653177196,113.82039925820574,9.588017285069322,11.118456352407394
29,11,110.31791131988605,113.81873404771466,8.057920422618642,9.588359489969305
29,12,110.3162461098643,113.81706883675334,6.527823559647591,8.058262628198461
29,13,110.31458089937185,113.81540362672568,4.997726697343789,6.528165765898857
29,14,110.3129156107982,113.81373841716645,3.4676398474999854,4.998068903137633
29,15,110.31125039984052,113.81207320760267,1.9375429852591317,3.467972041043658
29,16,110.30957519123844,113.81040799525378,0.4074460327131016,1.937875178391544
30,1,114.31861362275296,117.8194364272634,23.359275252506006,24.889704307992577
30,2,114.31694841271577,117.81777121677095,21.829178391415,23.35960744575592
30,3,114.31528320223649,117.81610600766697,20.29908152749973,21.829510584207494
30,4,114.31361799220747,117.8144407195604,18.76898466533861,20.299423734027968
30,5,114.31195278171775,117.81277550767585,17.238887802766232,18.769326871443
30,6,114.31028756983774,117.81111029719929,15.708790939514014,17.23923000712486
30,7,114.30861236215435,117.80944508669867,14.178693988449359,15.709133145966712
30,8,114.30694715306218,117.80777987713127,12.648597125486702,14.17903628420846
30,9,114.30528194117491,117.80610466853555,11.11850026317031,12.648939330919644
30,10,114.303616730687,117.80443945757241,9.588403400337745,11.118842469358627
30,11,114.3019515201932,117.80277424800865,8.058306538235378,9.588745607264652
30,12,114.30028631016872,117.80110903706274,6.528209675532905,8.058648743479475
30,13,114.29862109968307,117.79944382656758,4.998112812356225,6.528551881578541
30,14,114.29695588779762,117.79777861700607,3.4680159499055443,4.998455019081699
30,15,114.29529060014494,117.79611340698386,1.9379291011402493,3.4683581561106482
30,16,114.2936253891886,117.79444819602618,0.407832238769303,1.9382612938697945
31,1,118.30265382305149,121.80347662756736,23.359661369197052,24.89009042401218
31,2,118.30098861070579,121.80181141707175,21.82956450607073,23.359993562111246
31,3,118.29932340253865,121.80014620751886,20.299467643720767,21.82989669854009
31,4,118.29765819112161,121.79848099655709,18.769370780737127,20.299799836836392
31,5,118.29599298248833,121.79681578652898,17.239273918517256,18.769702974603934
31,6,118.29432776966648,121.79515049841878,15.709177056868114,17.23961612496156
31,7,118.29266256011134,121.7934852874688,14.179080193632682,15.709519261717737
31,8,118.2909973500864,121.7918200774434,12.648983330934406,14.17942239915375
31,9,118.28932214101454,121.79015486648345,11.118886379118573,12.64932553724862
31,10,118.287656930523,121.78848965738582,9.588789516751822,11.119228674890262
31,11,118.28599172096558,121.78682444736361,8.058692653717824,9.589131811919213
31,12,118.28432650954402,121.78514923875836,6.52859579140563,8.05903485977605
31,13,118.28266129998478,121.78348402780476,4.99849892864021,6.528937997065184
31,14,118.28099608949188,121.78181881684571,3.4684020664748934,4.998841134962817
31,15,118.27933088039607,121.78015360775036,1.9383052038479585,3.468744272403026
31,16,118.27766558995647,121.77848839680856,0.40821835486024727,1.9386474080806924
32,1,122.28669402289475,125.78752682598414,23.360047484603964,24.890476629799803
32,2,122.28502881333506,125.78585161738252,21.829950621905688,23.360379677253775
32,3,122.28336360144688,125.78418640736213,20.299853759857875,21.830282814014144
32,4,122.2816983914215,125.78252119547713,18.769756897226742,20.300185951500517
32,5,122.28003318186545,125.78085598777025,17.2396600341256,18.77008908962476
32,6,122.27836797182916,125.7791907754191,15.709563172900307,17.239992227304175
32,7,122.27670276087737,125.77752548638067,14.17946630992506,15.70990537738903
32,8,122.27503755085834,125.77586027588777,12.649369446551143,14.179808515152372
32,9,122.27337233989566,125.7741950653985,11.119272584981733,12.649711652512847
32,10,122.2717071284818,125.7725298562986,9.589175721662372,11.119614790423068
32,11,122.2700419189212,125.77086464534364,8.05907885903124,9.589517927913636
32,12,122.26836671077892,125.76919943670718,6.528981907232192,8.059421065962344
32,13,122.26670150075218,125.76753422576037,4.998885044798298,6.529324202382796
32,14,122.26503629026517,125.76586901480768,3.4687881818230513,4.999227339474694
32,15,122.26337107977272,125.76419380759725,1.9386913195192497,3.4691303874070685
32,16,122.26170586835524,125.76252859616933,0.4085944566698987,1.9390335258334632
33,1,126.27074422224565,129.7715670262895,23.360433689862823,24.89086274554663
33,2,126.26906901224693,129.7699018153318,21.830336737576978,23.360765883309973
33,3,126.26740380175949,129.76823660437955,20.300239874668875,21.830669020397675
33,4,126.26573859219616,129.76657139481622,18.77014301244061,20.300572158240755
33,5,126.26407338170735,129.7648961876085,17.240046149733942,18.770475205703114
33,6,126.2624081702835,129.76323097712333,15.70994928762318,17.240378342526437
33,7,126.26074296072291,129.76156576570312,14.179852425130536,15.710281479945662
33,8,126.25907775022728,129.75990047665653,12.6497555632296,14.180194631171975
33,9,126.2574125392714,129.75823526569974,11.11965870079151,12.650097768801029
33,10,126.25574733017832,129.75657005707146,9.589561837828853,11.120000905909713
33,11,126.25408211922108,129.75490484564853,8.059464975587998,9.589904043731806
33,12,126.25241690873273,129.75323963515925,6.529368112814185,8.059807181025137
33,13,126.25075169777323,129.75157442466545,4.999271250778962,6.52971031892277
33,14,126.24907649103076,129.7499092137191,3.469174298245522,4.999613455208933
33,15,126.2474112791503,129.74824400322393,1.939077435060448,3.4695165933079983
33,16,126.24574606865922,129.7465787941263,0.4089805726895019,1.9394197309496415
34,1,130.25478449877255,133.75560722613048,23.360809793208404,24.891248861293462
34,2,130.25311921159602,133.75394201657397,21.830722943037273,23.36115199819232
34,3,130.25145400016672,133.7522768051542,20.300626081732243,21.831055135611546
34,4,130.24978879014498,133.75061159465812,18.7705292186311,20.300958273849094
34,5,130.24811358154108,133.74894638509525,17.240432266420793,18.77086141155369
34,6,130.24644837152704,133.74728117367778,15.710335402375431,17.240764548704337
34,7,130.24478316102505,133.74561596411354,14.180238541284428,15.710667686547414
34,8,130.2431179505358,133.74394075551191,12.650141678577759,14.180570734001384
34,9,130.24145273956765,133.7422755440967,11.12004481774694,12.65047387081631
34,10,130.23978753048092,133.74061025691472,9.589947953978548,11.120387021316622
34,11,130.2381223176709,133.73894504641865,8.05985109084803,9.590290159482832
34,12,130.23645710903853,133.73727983546232,6.52975422849387,8.06019329710769
34,13,130.23479189715715,133.73561462636877,4.999657365514427,6.530096434283517
34,14,130.23312668759428,133.73394941355147,3.469560503286162,4.999999572097218
34,15,130.23146147757026,133.7322842053866,1.939463640449401,3.4699027093443875
34,16,130.2297962675408,133.73061899349753,0.40936677848551833,1.9398058473637187
35,1,134.238824700012,137.73964742504234,23.361195908493613,24.891634976960557
35,2,134.23715949045413,137.7379822173518,21.831099045593906,23.36153811300332
35,3,134.23549420048022,137.73631700498976,20.30101219640896,21.831441252096962
35,4,134.23382898998233,137.7346517944905,18.770915334847942,20.30134439066604
35,5,134.23216377949714,137.7329865844701,17.24081847167126,18.77124752743061
35,6,134.23049856900607,137.73132137397948,15.710721609166026,17.241150664992517
35,7,134.22883335851043,137.72965616256243,14.180624747332235,15.711053802008877
35,8,134.2271581508452,137.72799095346483,12.650527793854575,14.180956939717666
35,9,134.22549294034823,137.72632574297646,11.120430932226416,12.650860076876707
35,10,134.2238277298644,137.72465053483555,9.590334068781157,11.120763124876227
35,11,134.22216252029563,137.7229852453305,8.060237207291483,9.590676275154122
35,12,134.22049730982,137.72132003715976,6.530140342839057,8.060579413207027
35,13,134.2188320974611,137.7196548248095,5.000043481458492,6.530482550685004
35,14,134.21716688743027,137.7179896138586,3.4699466195659503,5.000385687638417
35,15,134.2155016778688,137.71632440383186,1.9398497571362527,3.4702888252758637
35,16,134.21383646691652,137.7146591933435,0.4097528942239539,1.9401919624349058
36,1,138.22286489938458,141.72368762674387,23.361582024639112,24.892021092589882
36,2,138.22119968842915,141.72202241578754,21.831485162196827,23.361924230147594
36,3,138.21953447980087,141.72035720761542,20.301388299238365,21.831827368334785
36,4,138.21786918982878,141.71869199573766,18.77130144991913,20.30173050487694
36,5,138.21620397887608,141.71702678524932,17.241204587073973,18.77163364210732
36,6,138.2145387702419,141.71536157475504,15.711107724854104,17.241536780004953
36,7,138.21287355789391,141.7136963628714,14.181010862130648,15.71143991735284
36,8,138.2112083483283,141.71203115423586,12.650914000175158,14.181343055405742
36,9,138.20954313783815,141.71036594281517,11.12081713760278,12.651246192892115
36,10,138.2078679292388,141.7087007313986,9.590720184721027,11.121149329908475
36,11,138.20620271875634,141.70703552230052,8.060623321208624,9.59105246762146
36,12,138.20453750918847,141.70537023232254,6.530526459517516,8.060965619036615
36,13,138.20287229916988,141.70369502697943,5.000429596143598,6.530868665844319
36,14,138.20120708681193,141.7020298155606,3.4703327346371373,5.000771803133453
36,15,138.19954187864207,141.70036460460062,1.9402358725557518,3.470674941232519
36,16,138.19787666767758,141.6986993936452,0.4101390111877768,1.9405780787230869
37,1,142.20690509923102,145.7077378237699,23.3619681397103,24.892407297894902
37,2,142.20523988828197,145.70607261420523,21.831871276395134,23.362310435805124
37,3,142.20357467871273,145.70439740560315,20.30177441490546,21.83221348332624
37,4,142.20190946728843,145.70273219465182,18.77167755293738,20.30211662027965
37,5,142.20024425679736,145.70106698416072,17.241580690432148,18.772019757845758
37,6,142.19857896822464,145.69940177412852,15.711493840449856,17.241922896083306
37,7,142.1969137581974,145.69773656410086,14.181396978150252,15.711826033850848
37,8,142.19524854770907,145.6960713550069,12.651300115309294,14.181729171022479
37,9,142.19358333814574,145.69440614172387,11.121203253148174,12.651632308962077
37,10,142.19191812812082,145.69274093216418,9.591106390512847,11.121535446330945
37,11,142.19025291624126,145.6910757221429,8.061009527260628,9.591438583225605
37,12,142.18858770759073,145.68941051165226,6.530912667193578,8.061341720728763
37,13,142.18691249993094,145.68774530115527,5.000815713107421,6.5312448589621175
37,14,142.18524728804456,145.68608001304233,3.4707188507280815,5.0011580096554695
37,15,142.18358207755713,145.68440480490597,1.9406219878199793,3.471061056979347
37,16,142.18191686752812,145.68273959395688,0.4105251256546631,1.9409641936641815
38,1,146.19095529718211,149.69177802453413,23.362354345632212,24.892793414451663
38,2,146.1892900852912,149.6901128135814,21.832257483857173,23.362696551547756
38,3,146.18761487901943,149.68844760262374,20.302160530522197,21.832599689374046
38,4,146.18594966853107,149.68678239399406,18.772063667748384,20.30250282661702
38,5,146.18428445803727,149.68511718257068,17.24196680565021,18.77240596450626
38,6,146.18261924615317,149.68344197396772,15.711869942998097,17.242309012094516
38,7,146.18095395850185,149.68177676348162,14.181783094031369,15.712212148984982
38,8,146.179288748476,149.68011155344533,12.651686231534526,14.18211528783103
38,9,146.17762353705942,149.6784463443618,11.121589368618032,12.652018423659772
38,10,146.17595832656698,149.67678113200972,9.591492506247086,11.121921561406328
38,11,146.1742931179287,149.67511592291572,8.061395644702856,9.591824698645105
38,12,146.17262790465568,149.67345071242192,6.531298781299562,8.061727836546932
38,13,146.17096269695517,149.67178550239655,5.001201918618073,6.53163097397875
38,14,146.16929748600472,149.670120290507,3.4711050554371963,5.001534112065225
38,15,146.1676222783218,149.66845500192971,1.9410081043137906,3.4714472626200923
38,16,146.16595706783525,149.6667897923723,0.4109112412713992,1.9413503996532382
39,1,150.17499549795042,153.67581822530832,23.362740461656013,24.893179529736873
39,2,150.17333028606632,153.6741530143529,21.832643599071044,23.36308266716449
39,3,150.1716650741854,153.67248780246246,20.30254673594892,21.832985805385256
39,4,150.1699998646334,153.6708225929005,18.77244987231062,20.30288894295556
39,5,150.16833465552173,153.66915738287784,17.242353011765164,18.772792080051655
39,6,150.1666594483204,153.6674921719197,15.712256058497331,17.242695217877944
39,7,150.1649942368929,153.66582696096563,14.182159196856581,15.712598355171275
39,8,150.16332902733822,153.6641517523681,12.652062333554005,14.18250140208809
39,9,150.1616637378232,153.66248654420187,11.12197548517479,12.652404539536693
39,10,150.1599985278028,153.66082133277666,9.591878621935162,11.122307677627365
39,11,150.15833331684692,153.65915612460952,8.061781759564216,9.592210815210256
39,12,150.1566681063504,153.65749091226292,6.531684897730426,8.062113952289565
39,13,150.15500289585796,153.65582570083092,5.001588035497965,6.532017091257313
39,14,150.15333768583437,153.6541604912812,3.4714911726612043,5.0019202273504355
39,15,150.15167247441144,153.65249528032214,1.9413943104832985,3.471823365243871
39,16,150.15000726438652,153.65082999267628,0.4112974478479706,1.941736515605697
40,1,154.15903569779005,157.6598584237495,23.36312657759588,24.893565646071217
40,2,154.1573704859023,157.65819321419525,21.833029715350833,23.363468782772834
40,3,154.15570527587874,157.656528003706,20.30293285258541,21.833371920070363
40,4,154.154040065394,157.65486279228125,18.772835989341587,20.30327505809389
40,5,154.15237485443905,157.65319758318543,17.242739126697867,18.773178195601247
40,6,154.1507096453378,157.65153237222458,15.712642264876665,17.243081333696114
40,7,154.14904443391669,157.6498671622069,14.182545402430181,15.712984470187909
40,8,154.14736922531688,157.64820195077988,12.652448449682717,14.182887608480014
40,9,154.1457040162188,157.64653674122565,11.122351587395702,12.652790745181633
40,10,154.14403872765334,157.64487152886812,9.592264736473389,11.122693883599636
40,11,154.14237351667612,157.64319632212977,8.062167876716883,9.592596930533237
40,12,154.14070830712507,157.64153111210436,6.532071012948491,8.06250006796925
40,13,154.13904309523596,157.63986590207307,5.001974150967823,6.532403206139655
40,14,154.1373778856831,157.63820069018763,3.4718772873966683,5.002306343688975
40,15,154.13571267473176,157.6365354806293,1.9417804244172252,3.4722094807892656
40,16,154.13404746469456,157.63487027060165,0.4116835633262212,1.9421126185568052
41,1,158.1430758971658,161.64389862498942,23.363512693338514,24.89395176129348
41,2,158.14141068621447,161.64223341495813,21.833415830296122,23.363854899463885
41,3,158.13974547665205,161.64056820447522,20.303318968000713,21.83375803595568
41,4,158.13808026662892,161.63890299304865,18.77322210509681,20.303661174247782
41,5,158.13641505474166,161.63723778349396,17.24312524284756,18.773564310945208
41,6,158.13474984518243,161.63557257300423,15.713028380149286,17.243467448305683
41,7,158.13308463236422,161.63390736157993,14.182931518097275,15.713370586333408
41,8,158.13141942280362,161.63224215062405,12.652834655537486,14.183273723823975
41,9,158.12975421277233,161.63057694059322,11.122737793707893,12.653176861998578
41,10,158.12808900414993,161.62891172871593,9.592640930077986,11.123079998473585
41,11,158.12641371698962,161.62724652100724,8.062553991456545,9.592983136866408
41,12,158.12474850603192,161.62558130912905,6.532457129287032,8.06288627340856
41,13,158.12308329554313,161.62391609863025,5.002360266517415,6.532789411977637
41,14,158.1214180850493,161.62224089235713,3.472263404415046,5.0026924588524855
41,15,158.1197528745596,161.62057568048118,1.9421665418426666,3.472595595193204
41,16,158.11808766593265,161.61891047183565,0.41206967868277233,1.942498734517657
42,1,162.12711609793638,165.62794889964002,23.36389880908954,24.89432795313553
42,2,162.12545088743713,165.62628361244077,21.833801947662813,23.36424110585161
42,3,162.1237856765062,165.62461840102512,20.30370508206893,21.834144242733682
42,4,162.1221204664704,165.62294319336033,18.77360822077649,20.304047289260218
42,5,162.1204552555009,165.6212779837934,17.243511360079964,18.773950427501966
42,6,162.11879004455318,165.61961277376616,15.713414496563363,17.24385356513522
42,7,162.1171248359249,165.61794756281347,14.183317633672047,15.713756702290063
42,8,162.11545962450242,165.61628235231922,12.653220771426996,14.183659840254839
42,9,162.1137944140127,165.61461714136516,11.12312390879167,12.65356297754817
42,10,162.1121292025893,165.61295193041428,9.593027046680907,11.123466114434438
42,11,162.110463992563,165.61128671992364,8.062930184247014,9.593369251929202
42,12,162.1087987816121,165.6096215098919,6.532833321137478,8.06327239017095
42,13,162.10713349349965,165.60795630032948,5.002746471696541,6.533175527875541
42,14,162.1054582862847,165.6062910879729,3.472649520170268,5.0030786661592535
42,15,162.1037930753365,165.60462587749814,1.9425526567208131,3.472981801639683
42,16,162.10212786576776,165.60295067074617,0.41245579523113857,1.9428848502518958
43,1,166.11116629450532,169.6119890999431,23.364285013454538,24.894714069222278
43,2,166.10950108539774,169.61032389038022,21.834188152376125,23.364617206994016
43,3,166.1078358753746,169.60865860133134,20.30409128953936,21.834530358417563
43,4,166.10616066676846,169.60699338991702,18.77399433753049,20.304433495165345
43,5,166.1044954558144,169.60532818035645,17.243897474819622,18.774336632534215
43,6,166.10283024579354,169.6036629717209,15.71380061164714,17.244239770587118
43,7,166.1011650357677,169.601987763117,14.183703749146101,15.714142818305469
43,8,166.09949982480683,169.60032255076084,12.65360688731231,14.184045956593378
43,9,166.0978346143053,169.59865734260234,11.123510026221307,12.653949093101957
43,10,166.09616940336215,169.59699213072824,9.59341316216755,11.12385222911115
43,11,166.09450419286878,169.59532691929576,8.06331629999804,9.59375536820899
43,12,166.09283898423868,169.59366171112998,6.533219437308156,8.063658505590448
43,13,166.0911737728239,169.59199650064434,5.003122574055938,6.533561642413768
43,14,166.08950848470326,169.59033129015282,3.473035725756458,5.003464779975678
43,15,166.0878432732867,169.58866607826238,1.94293886270987,3.4733679181964425
43,16,166.08616806514758,169.58700086916429,0.41284191043661456,1.9432710559136233
44,1,170.09520649573298,173.59602929931657,23.36467113015398,24.895100185296435
44,2,170.093541283843,173.5943640892771,21.834574268240456,23.365003324541156
44,3,170.09187607521153,173.59269887879418,20.304477405752007,21.83490646102875
44,4,170.09021086379403,173.59103366877198,18.774380542902655,20.3048095980577
44,5,170.08854565469687,173.58936838205207,17.2442836805443,18.774722748897933
44,6,170.08688044373417,173.58770317063366,15.714186818916138,17.244625886191265
44,7,170.08520523560188,173.58603795920982,14.184089865765808,15.714529024080504
44,8,170.08354002418258,173.58437275057926,12.653993003117892,14.184432161457764
44,9,170.08187481416175,173.5826975424456,11.123896140016749,12.654335208508867
44,10,170.0802096041359,173.58103233055925,9.593799277515709,11.124238346129529
44,11,170.07854439364888,173.5793671210018,8.063702414473317,9.59414148322982
44,12,170.07687918268257,173.57770191004414,6.533605553378117,8.064044620926017
44,13,170.07521397405384,173.57603670002055,5.003508690553946,6.5339477581564
44,14,170.0735487621661,173.57437148999108,3.4734118283718436,5.003850896125373
44,15,170.07188347358158,173.57270627903657,1.94332497987093,3.4737540334816526
44,16,170.0702182630964,173.571041069471,0.4132281166942495,1.9436571715261628
45,1,174.07924669604105,177.5800695019454,23.36505724563223,24.895486301198538
45,2,174.07758148461312,177.57840429099133,21.83496038406282,23.365389438491867
45,3,174.0759162773819,177.57673907956658,20.30486352084837,21.83529257658254
45,4,174.07425106456733,177.5750738695412,18.77476665825501,20.305195714014356
45,5,174.07258585407263,177.57340865905465,17.24466979628693,18.775098850904822
45,6,174.07092064358108,177.5717433700126,15.71457293392018,17.245012001522635
45,7,174.0692554316997,177.57007815997994,14.184476070932345,15.714915139898672
45,8,174.06759022307506,177.56841294996136,12.654379207503872,14.18481827645761
45,9,174.06591501446525,177.5667477394721,11.124282256032155,12.654721413750941
45,10,174.06424980444487,177.56508252758346,9.594185392796723,11.124624551703128
45,11,174.06258459394607,177.56341731802286,8.0640885313658,9.594527689143339
45,12,174.06091938299608,177.56174211080926,6.533991668184923,8.064430737415632
45,13,174.05925417389938,177.56007689799378,5.003894805692277,6.534333875023703
45,14,174.05758896247326,177.55841168890024,3.4737979439172384,5.004237012128191
45,15,174.0559237524456,177.55674647933736,1.9437010816176334,3.474140149899926
45,16,174.05425854148336,177.55508126977767,0.4136042199852768,1.944043287134506
46,1,178.06328689680436,181.56411969989784,23.36544336226033,24.895872506919016
46,2,178.06162168677807,181.56244449083732,21.835346499826436,23.365775553563054
46,3,178.05995647675493,181.5607792803399,20.305249636989675,21.8356786919307
46,4,178.05829126533246,181.559114069837,18.775152774744626,20.305581830969786
46,5,178.05662605437885,181.55744885982205,17.245055911966617,18.775484967058713
46,6,178.05496084481373,181.55578364887208,15.714959050011126,17.245388103877836
46,7,178.05329563246482,181.5541183602862,14.18486218735901,15.715301255582553
46,8,178.05163042337267,181.55245314979965,12.65476532432921,14.185204392540161
46,9,178.04996521241634,181.5507879388424,11.124668461954068,12.655107530232163
46,10,178.04830000100839,181.54912272789016,9.59457159782897,11.125010667319865
46,11,178.04663479143642,181.54745751925552,8.064474736742163,9.594913805234283
46,12,178.04495958330006,181.54579230690754,6.534377784066041,8.064816942443683
46,13,178.04329437327104,181.54412709686898,5.004280921972065,6.534720081625454
46,14,178.0416291632461,181.54245189013423,3.474184059403882,5.004623128021898
46,15,178.03996395321528,181.54078668057727,1.944087197507144,3.4745262650550437
46,16,178.03829874226892,181.53912146962048,0.41399033386045203,1.944429402679901
47,1,182.04733709429655,185.5481598988088,23.365829567368117,24.8962586227204
47,2,182.04566188615473,185.5464946892432,21.835732615497726,23.366161760760715
47,3,182.04399667473405,185.54482947736727,20.305635752988294,21.83606489710143
47,4,182.04233146564232,185.54316426687075,18.775538889958494,20.30596803527184
47,5,182.04066625467647,185.54148905919553,17.245442028791953,18.775871083204212
47,6,182.03900104326806,185.53982385010198,15.715345164738197,17.245774220375843
47,7,182.03733583370473,185.53815863821336,14.185248302509933,15.715677358265083
47,8,182.0356706222859,185.5364934281889,12.65515143979487,14.185580495629756
47,9,182.03400541179164,185.53482814007276,11.125054577759647,12.655493646591685
47,10,182.03234020269537,185.53316292958215,9.594957715267002,11.125396784153596
47,11,182.03067499127968,185.53149771863036,8.064860852153268,9.595299921111204
47,12,182.0290097817173,185.52983250953272,6.534763989790716,8.065203058819991
47,13,182.02734457075596,185.5281672981148,5.0046671280912145,6.5351061959706405
47,14,182.02566936308938,185.52650208808623,3.4745701748107916,5.005009333809521
47,15,182.0240041525915,185.52483687620304,1.9444733132455796,3.4749124710902626
47,16,182.02233894210676,185.5231716661731,0.4143764500059512,1.9448156090592355
48,1,186.03137737176257,189.53220009772065,23.36620566964778,24.89664473839169
48,2,186.02971208457421,189.530534889091,21.836118820953825,23.366547875634662
48,3,186.02804687268605,189.52886967766761,20.30602195877592,21.836451013523902
48,4,186.02638166312636,189.52720446624787,18.77592509614479,20.306354150947325
48,5,186.02470645452837,189.52553925761185,17.245828143124548,18.776257289063178
48,6,186.0230412426429,189.5238740471203,15.715731280606725,17.246160426625085
48,7,186.02137603447125,189.52219883945054,14.18563441880231,15.716063473751726
48,8,186.01971082258441,189.52053362756328,12.65553755648592,14.185966611573821
48,9,186.0180456130261,189.51886841708398,11.125440693653355,12.655869747591407
48,10,186.0163804034623,189.51720312849582,9.595343831492235,11.125782899556308
48,11,186.01471519204347,189.51553791847996,8.065246968777172,9.595686035779524
48,12,186.01304998201354,189.51387270937917,6.535150106746146,8.065589173891178
48,13,186.0113847706033,189.51220749887855,5.0050532430281125,6.5354923125945446
48,14,186.00971956057157,189.51054228699763,3.474956381198519,5.00539544954376
48,15,186.00805434914136,189.50887707603994,1.9448595200277812,3.4752985873029063
48,16,186.00638913865347,189.5072118664816,0.4147626571238753,1.945201724474538
49,1,190.0154175711347,193.51624029942218,23.366591785856226,24.897030853949676
49,2,190.01375236157273,193.51457508800107,21.836494923493674,23.366933991503192
49,3,190.01208707252613,193.51290987797793,20.30640807465284,21.83683712866643
49,4,190.01042186111317,193.51124466702026,18.77631121119919,20.306740266429774
49,5,190.00875665061574,193.50957945699622,17.24621434956683,18.7766434037273
49,6,190.0070914410606,193.5079142465015,15.716117486335596,17.246546541696272
49,7,190.00541623292375,193.506249035547,14.186020533793764,15.716449679119696
49,8,190.00375102335772,193.50458382737486,12.655923671901222,14.186352817239746
49,9,190.00208581379667,193.50291861455983,11.12582680940438,12.656255954780672
49,10,190.00042060423925,193.50124340735485,9.595729946370382,11.126159001978653
49,11,189.9987553923438,193.49957811831098,8.065633085262592,9.596072152797902
49,12,189.99709018233838,193.4979129101375,6.535536220079968,8.065975291190725
49,13,189.99542497137116,193.49624769871366,5.005439359119057,6.535878429079963
49,14,189.99375975995187,193.49458248823302,3.475342496403995,5.005781565303178
49,15,189.99209455038672,193.49291727774693,1.945245634444309,3.475684702193642
49,16,189.99042933989608,193.49125206632624,0.41514877193907374,1.9455878397471584
50,1,193.9994577719107,197.50028049973022,23.366977900935805,24.897416969427926
50,2,193.99779256188123,197.49861528830547,21.836881038908974,23.36732010745565
50,3,193.99612735046148,197.49695007967446,20.306784176328204,21.837223244900056
50,4,193.99446213903673,197.4952848677931,18.776687314355925,20.30712638191222
50,5,193.9927968527834,197.4936196573011,17.246600464931777,18.777029519612615
50,6,193.99113164043726,197.49195444680367,15.716503602006888,17.246932657913113
50,7,193.9894664313387,197.4902892358555,14.186406739715675,15.716835794463659
50,8,193.98780121992033,197.4886240253567,12.656309877000615,14.186738932965591
50,9,193.98613600942696,197.4869588148715,11.126213014898246,12.65664206978891
50,10,193.984460801754,197.4852936062405,9.59611606243195,11.126545207237513
50,11,193.98279559218844,197.48362839342047,8.066019200539408,9.596448345386937
50,12,193.98113038216215,197.48196318339419,6.535922338038369,8.066351482953042
50,13,193.9794651726047,197.48028789763777,5.005825475071515,6.5362645432027335
50,14,193.97779996071745,197.4786226866801,3.4757286128264653,5.006167680966076
50,15,193.97613475115912,197.47695747665605,1.9456317499939006,3.4760708181964595
50,16,193.97446953927047,197.4752922670914,0.41553488788313936,1.9459739561738254
51,1,197.98349797081895,201.4843306953528,23.367364017077108,24.89780317587021
51,2,197.9818327617254,201.48266548579403,21.83726715424874,23.367706313037644
51,3,197.9801675516973,201.4809902795123,20.30717029201628,21.837609361045555
51,4,197.97850234120847,201.47932506809252,18.777073429246663,20.30751249846478
51,5,197.97683713071376,201.47765985853692,17.246976567278583,18.77741563530069
51,6,197.97517184167353,201.47599464665103,15.716889717632016,17.247318772854207
51,7,197.97350663070313,201.4743294366202,14.186792857002631,15.71722191095747
51,8,197.97184142115069,201.47266422705732,12.656695993431477,14.187125048662061
51,9,197.9701762097332,201.47099901517504,11.126599130514983,12.657028185808514
51,10,197.96851100017034,201.46933380514602,9.596502268290914,11.126931323710343
51,11,197.96684578782236,201.46766859419196,8.066405405500314,9.596834461003674
51,12,197.9651805777929,201.46600338370723,6.536308543469287,8.066737597759849
51,13,197.9635053701204,201.4643381746105,5.006211590998795,6.536640735334347
51,14,197.96184016009863,201.46267288649395,3.4761147278976523,5.0065538864305665
51,15,197.96017495053715,201.46099767881918,1.9460178654679545,3.4764569342328486
51,16,197.95850973957582,201.45933246647257,0.4159210036971125,1.9463600713079603
52,1,201.96754816923482,205.46837089752094,23.367750223003217,24.898189291159614
52,2,201.96588295966424,205.46670568656506,21.83765336164783,23.368092428721525
52,3,201.9642077510744,205.46504047605902,20.307556407624624,21.837995568230625
52,4,201.9625425405824,205.46337526697954,18.77745954532502,20.30789870352221
52,5,201.96087733054978,205.46171005601687,17.247362683629714,18.777801842024143
52,6,201.95921212006596,205.46003484788457,15.7172658202516,17.247704888810862
52,7,201.95754690818185,205.45836963832443,14.187168957599486,15.717608026246877
52,8,201.95588162192627,205.45670442690874,12.657082108511057,14.187511163061803
52,9,201.95421641190043,205.4550392159438,11.126985245942874,12.657414301828117
52,10,201.95255120047523,205.45337400452678,9.59688838410069,11.127317438844477
52,11,201.95088598951844,205.45170879496436,8.066791521733942,9.597220576557461
52,12,201.94922077903053,205.4500435826164,6.5366946588929835,8.067123713766861
52,13,201.94755556900242,205.44837837444697,5.006597796727667,6.537026851618332
52,14,201.94589035758358,205.4467131639577,3.476500934012605,5.006929988978808
52,15,201.94421514944221,205.44504795299775,1.9464039820079277,3.476833127006532
52,16,201.94254994034594,205.4433826648957,0.41630711951528215,1.9467462762898493
53,1,205.951588369074,209.45241109782128,23.36813633895148,24.89857540764923
53,2,205.9499231585802,209.45074588640696,21.83803947684911,23.368478544401206
53,3,205.94825794716087,209.44908067590725,20.307942614201195,21.838381682970283
53,4,205.94659273807915,209.44741546543025,18.777845749895647,20.308284818786436
53,5,205.94492752897335,209.44575025539442,17.247748888544457,18.778187957561144
53,6,205.94325231990922,209.44408504444172,15.717651935725653,17.248091094648846
53,7,205.9415871103459,209.44241983487888,14.187555073501585,15.717994232420581
53,8,205.93992189845454,209.44074462721636,12.657458211789494,14.187897278611395
53,9,205.93825660848108,209.43907941578343,11.127371362533205,12.657800417709234
53,10,205.93659140078054,209.43741420482846,9.59727449991886,11.127703555132658
53,11,205.93492618890008,209.43574899713158,8.067177636800931,9.597606691981158
53,12,205.93326097887424,209.43408378385084,6.537080774299893,8.067509829589229
53,13,205.93159576930776,209.43241857428433,5.006983912474496,6.537412967830976
53,14,205.92993055788662,209.43075336333573,3.4768870500951565,5.007316104381521
53,15,205.92826534786352,209.42908815330262,1.9467901872625917,3.477219242891846
53,16,205.92660013644013,209.4274229428188,0.4166933250846858,1.9471223795137322
54,1,209.93562857078277,213.43645129813206,23.368522453636587,24.898961522724612
54,2,209.93396335889142,213.43478608810895,21.83842559185735,23.368864659892047
54,3,209.93229814793418,213.43312087575598,20.3083287296165,21.83876779770575
54,4,209.93063293883927,213.43145566619674,18.778231866922418,20.308670935007473
54,5,209.92896772741588,213.4297904547729,17.248135004815854,18.778574072968052
54,6,209.92730251785528,213.4281252466062,15.71803814218472,17.248477210483802
54,7,209.92563730876404,213.4264600351901,14.187941279087775,15.718380347433015
54,8,209.9239620996958,213.42479482376854,12.657844326806126,14.188283485057873
54,9,209.9222968891988,213.42312961373634,11.127747465039482,12.658186623429714
54,10,209.92063159922674,213.42146440325251,9.597660615716048,11.128089759984455
54,11,209.91896639013274,213.41978919558093,8.067563752896072,9.597992807379674
54,12,209.91730118010418,213.4181239850862,6.537466890730756,8.067895945348646
54,13,209.9156359686844,213.41645877459604,5.0073700281499836,6.537799082843411
54,14,209.9139707581988,213.41479356317083,3.4772731650404474,5.007702220934084
54,15,209.91230554817292,213.41312835407365,1.9471763025394087,3.477605358575727
54,16,209.91064033721162,213.41146314405054,0.41707944070142194,1.947508495671821
